vision_score,vad_score,oww_score,output
,0.540074,0.890624,1
,0.563315,0.992019,1
,0.499801,0.760000,1
,0.174990,0.001546,1
,0.548395,0.987300,1
,0.560562,0.991603,1
,0.558083,0.992903,1
,0.516218,0.991536,1
,0.511671,0.988986,1
,0.554819,0.991623,1
,0.290857,0.992535,1
,0.501797,0.991574,1
,0.490962,0.991781,1
,0.510222,0.991363,1
,0.510222,0.990882,1
,0.513706,0.988951,1
,0.504750,0.992731,1
,0.545541,0.992114,1
,0.422483,0.990712,1
,0.624565,0.992016,1
,0.462044,0.986964,1
,0.414069,0.981356,1
,0.390348,0.987776,1
,0.479249,0.989968,1
,0.463689,0.990942,1
,0.482255,0.990784,1
,0.497407,0.991083,1
,0.535956,0.990720,1
,0.499739,0.992258,1
,0.400956,0.989205,1
,0.727042,0.990778,1
,0.727042,0.989318,1
,0.698773,0.984506,1
,0.720209,0.988038,1
,0.689569,0.989328,1
,0.702605,0.990294,1
,0.392232,0.979190,1
,0.203631,0.992050,1
,0.470040,0.991287,1
,0.488840,0.988402,1
,0.491294,0.989074,1
,0.478190,0.989328,1
,0.412116,0.987143,1
,0.432516,0.992546,1
,0.465828,0.992600,1
,0.169075,0.989608,1
,0.187765,0.991971,1
,0.151409,0.979338,1
,0.071786,0.984810,1
,0.246473,0.990133,1
,0.116707,0.990861,1
,0.140851,0.990216,1
,0.178757,0.992130,1
,0.177210,0.992363,1
,0.183840,0.968235,1
,0.194305,0.989246,1
,0.292537,0.987773,1
,0.398466,0.986104,1
,0.347135,0.992633,1
,0.381185,0.700260,1
,0.287914,0.985262,1
,0.376269,0.992317,1
,0.374830,0.989871,1
,0.352764,0.989983,1
,0.470307,0.988127,1
,0.486467,0.988796,1
,0.366413,0.990011,1
,0.416006,0.986682,1
,0.433677,0.990211,1
,0.684158,0.984470,1
,0.646632,0.993458,1
,0.646632,0.993372,1
,0.607982,0.992640,1
,0.235428,0.987785,1
,0.412550,0.990307,1
,0.374883,0.964136,1
,0.420547,0.992241,1
,0.429459,0.984576,1
,0.411976,0.637326,1
,0.449572,0.983969,1
,0.634489,0.991452,1
,0.652409,0.992044,1
,0.225339,0.985433,1
0.098457,0.188294,0.012747,0
0.113622,0.417471,0.046551,1
0.255811,0.564798,0.026119,1
0.325921,0.380164,0.990286,1
0.341414,0.535333,0.263189,1
0.392007,0.288506,0.004840,1
0.397970,0.170852,0.001591,1
0.412789,0.255874,0.001254,1
0.417984,0.200545,0.005824,1
0.424465,0.187159,0.001342,1
0.429480,0.133152,0.001397,1
0.434575,0.253491,0.001334,1
0.436903,0.192254,0.001336,1
0.439296,0.342313,0.001911,1
0.444512,0.352889,0.001538,1
0.447030,0.319849,0.001602,1
0.452104,0.258000,0.001549,1
0.456115,0.274988,0.002250,1
0.339926,0.193924,0.101923,1
0.403096,0.402637,0.079849,1
0.424255,0.607317,0.751942,1
0.469883,0.774803,0.912228,1
0.497726,0.802014,0.043576,1
0.457634,0.674954,0.065200,1
0.438863,0.662383,0.025182,1
0.399227,0.730875,0.005202,1
0.352499,0.724122,0.993582,1
0.336734,0.688220,0.992154,1
0.321901,0.679550,0.991869,1
0.355871,0.274221,0.990959,1
0.382542,0.408915,0.993082,1
0.423487,0.221271,0.992722,1
0.440819,0.286422,0.991588,1
0.454815,0.102494,0.992365,1
0.472160,0.331203,0.992358,1
0.479267,0.190686,0.986963,1
0.490109,0.341159,0.965078,1
0.492965,0.381078,0.975022,1
0.497652,0.266406,0.637099,1
0.507919,0.122449,0.919167,1
0.510705,0.323803,0.005876,1
0.512933,0.422182,0.993733,1
0.515759,0.298483,0.002957,1
0.519118,0.311411,0.036052,1
0.520696,0.342407,0.833085,1
0.522098,0.123874,0.835752,1
0.523183,0.119065,0.990198,1
0.522184,0.087586,0.597102,1
0.520486,0.208343,0.002203,1
0.520211,0.459495,0.003560,1
0.513837,0.452980,0.003091,1
0.512612,0.428045,0.001306,1
0.511620,0.494305,0.001429,1
0.511751,0.438774,0.001603,1
0.512127,0.482501,0.001441,1
0.515645,0.257328,0.001501,1
0.515277,0.426294,0.001366,1
0.516773,0.377328,0.001308,1
0.516811,0.378738,0.001557,1
0.516711,0.513646,0.011093,1
0.514442,0.446400,0.001482,1
0.513932,0.315755,0.001404,1
0.514449,0.132402,0.007421,1
0.515033,0.482762,0.002582,1
0.515010,0.450188,0.001537,1
0.514234,0.290150,0.001310,1
0.513614,0.476802,0.001676,1
0.512276,0.382989,0.001362,1
0.511971,0.484361,0.001411,1
0.511698,0.487025,0.001305,1
0.509800,0.756689,0.992341,1
0.509305,0.775218,0.126497,1
0.504111,0.814587,0.079005,1
0.504293,0.833072,0.030922,1
0.172689,0.364114,0.001859,1
0.285015,0.572715,0.008235,1
0.358499,0.572331,0.292740,1
0.408615,0.647992,0.005128,1
0.440699,0.618432,0.004183,1
0.452128,0.598079,0.991993,1
0.468755,0.598079,0.004231,1
0.471376,0.425776,0.987839,1
0.477866,0.380990,0.001618,1
0.484829,0.602971,0.085729,1
0.488270,0.671128,0.035350,1
0.487593,0.694216,0.964119,1
0.489022,0.688032,0.025313,1
0.488789,0.713093,0.007151,1
0.492335,0.658124,0.771162,1
0.497251,0.708875,0.003377,1
0.498362,0.687570,0.658579,1
0.502239,0.653596,0.006171,1
0.504961,0.653596,0.030100,1
0.509457,0.664986,0.001884,1
0.516252,0.656265,0.009269,1
0.521249,0.669273,0.504009,1
0.524896,0.625913,0.018716,1
0.527060,0.663399,0.105128,1
0.527570,0.679514,0.616005,1
0.528497,0.674689,0.029231,1
0.504369,0.687234,0.046612,1
0.491971,0.683290,0.003752,1
0.476953,0.607917,0.002194,1
0.444809,0.607917,0.001521,1
0.407227,0.630968,0.010240,1
0.390723,0.543615,0.002764,1
0.385742,0.531269,0.173167,1
0.380678,0.661109,0.047340,1
0.378703,0.602993,0.005375,1
0.370056,0.571736,0.031383,1
0.363583,0.616155,0.992743,1
0.365587,0.694969,0.992621,1
0.377288,0.712613,0.993489,1
0.380203,0.514210,0.991653,1
0.381689,0.383751,0.003976,1
0.384264,0.189103,0.013974,1
0.384993,0.187351,0.002148,1
0.386668,0.357901,0.004796,1
0.386852,0.189710,0.001580,1
0.385635,0.077109,0.044884,1
0.387290,0.199084,0.064356,1
0.414198,0.098799,0.005989,1
0.445366,0.232627,0.006909,1
0.457945,0.331549,0.004209,1
0.466947,0.197894,0.016363,1
0.479312,0.191307,0.002468,1
0.495549,0.080913,0.003422,1
0.502676,0.098146,0.001316,1
0.502184,0.104894,0.121548,1
0.498170,0.632318,0.992442,1
0.495758,0.561835,0.945642,1
0.496441,0.612307,0.002415,1
0.501570,0.595188,0.025086,1
0.498684,0.643982,0.993256,1
0.496882,0.693118,0.993120,1
0.498258,0.713410,0.992507,1
0.497550,0.692342,0.156219,1
0.496298,0.693002,0.989760,1
0.493578,0.724354,0.991116,1
0.494142,0.707120,0.990517,1
0.496140,0.698729,0.993468,1
0.497043,0.679305,0.935750,1
0.169022,0.605519,0.153096,1
0.345568,0.647673,0.002131,1
0.315107,0.114046,0.681403,1
0.357862,0.482132,0.865928,1
0.326060,0.482132,0.991698,1
0.280707,0.485669,0.990650,1
0.321329,0.367543,0.298660,1
0.345585,0.370345,0.001727,1
0.361562,0.370345,0.001352,1
0.391945,0.203763,0.001482,1
0.403678,0.129706,0.002101,1
0.420686,0.115757,0.002415,1
0.422327,0.173137,0.004386,1
0.441864,0.102115,0.989429,1
0.447469,0.391244,0.241727,1
0.447637,0.528388,0.958119,1
0.453928,0.483299,0.804834,1
0.456494,0.557063,0.981246,1
0.468752,0.720310,0.960409,1
0.475465,0.730603,0.989405,1
0.488277,0.588585,0.014843,1
0.494111,0.658439,0.001688,1
0.501207,0.629069,0.068579,1
0.499863,0.610499,0.981020,1
0.502470,0.627102,0.179339,1
0.445890,0.236670,0.684998,1
0.386539,0.119073,0.918914,1
0.363685,0.427608,0.990834,1
0.333536,0.372329,0.543721,1
0.288335,0.157794,0.955330,1
0.286079,0.371916,0.965974,1
0.287329,0.452416,0.989660,1
0.298221,0.378606,0.945525,1
0.306317,0.271329,0.991571,1
0.316896,0.303887,0.690114,1
0.353292,0.415025,0.984851,1
0.395274,0.318834,0.976740,1
0.410517,0.424303,0.983880,1
0.424610,0.414879,0.002064,1
0.435864,0.170013,0.009572,1
0.458547,0.178056,0.002165,1
0.462663,0.172479,0.005641,1
0.468800,0.291177,0.550261,1
0.424154,0.798838,0.705138,1
0.411384,0.457177,0.888430,1
0.398815,0.491620,0.987694,1
0.395807,0.491666,0.005924,1
0.400141,0.536194,0.992975,1
0.392551,0.316230,0.810652,1
0.398795,0.163131,0.001261,1
0.400101,0.134051,0.001423,1
0.391216,0.392397,0.064078,1
0.396091,0.434920,0.991842,1
0.398832,0.494061,0.007593,1
0.396666,0.396718,0.983135,1
0.398786,0.434489,0.122223,1
0.399613,0.624383,0.001989,1
0.400535,0.610272,0.391065,1
0.401474,0.414425,0.826455,1
0.401498,0.477477,0.003388,1
0.403204,0.498810,0.017029,1
0.404328,0.531920,0.001397,1
0.403293,0.470940,0.001507,1
0.403001,0.173584,0.001379,1
0.407537,0.366816,0.002168,1
0.407815,0.138542,0.001668,1
0.407798,0.167444,0.016135,1
0.407379,0.085014,0.001356,1
0.406102,0.168288,0.252500,1
0.412783,0.168288,0.001640,1
0.412683,0.128920,0.001480,1
0.414731,0.046044,0.015940,1
0.415912,0.139202,0.001328,1
0.414384,0.154749,0.003563,1
0.364599,0.158487,0.001793,1
0.367237,0.158975,0.006807,1
0.367794,0.139384,0.002921,1
0.378154,0.120010,0.002203,1
0.390285,0.112338,0.004268,1
0.397098,0.292986,0.991727,1
0.401287,0.436841,0.991132,1
0.403203,0.178960,0.001756,1
0.400414,0.185764,0.992298,1
0.404181,0.283641,0.991706,1
0.404334,0.179380,0.112599,1
0.393139,0.523356,0.720393,1
0.386372,0.542980,0.176040,1
0.382014,0.590871,0.733276,1
0.390643,0.609937,0.005747,1
0.388892,0.549474,0.704005,1
0.385931,0.566075,0.003098,1
0.378461,0.466197,0.115041,1
0.403626,0.547424,0.220421,1
0.000000,0.251765,0.006839,0
0.000000,0.247679,0.051977,0
0.000000,0.126690,0.002994,0
0.000000,0.212064,0.662008,0
0.000000,0.533951,0.006015,0
0.000000,0.354816,0.972095,0
0.000000,0.505300,0.002219,0
0.000000,0.129233,0.002664,0
0.000000,0.074143,0.001308,0
0.000000,0.109846,0.001472,0
0.000000,0.429878,0.028067,0
0.000000,0.153050,0.004778,0
0.000000,0.144102,0.622452,0
0.000000,0.495997,0.003309,0
0.000000,0.449393,0.012159,0
0.000000,0.189446,0.001750,0
0.000000,0.090357,0.001259,0
0.000000,0.629112,0.085140,0
0.000000,0.107666,0.154321,0
0.000000,0.411791,0.001302,0
0.000000,0.545869,0.001731,0
0.000000,0.143664,0.001490,0
0.000000,0.073547,0.003943,0
0.000000,0.412922,0.032965,0
0.000000,0.478559,0.058421,0
0.000000,0.642499,0.727924,0
0.000000,0.680500,0.012312,0
0.000000,0.086548,0.013634,0
0.000000,0.650625,0.046118,0
0.000000,0.351798,0.002012,0
0.000000,0.515586,0.036232,0
0.000000,0.368042,0.107576,0
0.000000,0.127723,0.035619,0
0.000000,0.418876,0.001796,0
0.000000,0.560222,0.014865,0
0.000000,0.117541,0.001349,0
0.000000,0.263113,0.013073,0
0.000000,0.069706,0.005716,0
0.000000,0.078120,0.005422,0
0.000000,0.651323,0.759236,0
0.000000,0.758124,0.992740,0
0.000000,0.122563,0.001460,0
0.000000,0.688214,0.030139,0
0.000000,0.743826,0.915307,0
0.000000,0.220351,0.889870,0
0.000000,0.220351,0.006830,0
0.000000,0.175235,0.485625,0
0.000000,0.071553,0.005016,0
0.000000,0.422206,0.003312,0
0.000000,0.069520,0.001662,0
0.000000,0.599567,0.571497,0
0.000000,0.719116,0.006012,0
0.000000,0.794725,0.006186,0
0.000000,0.794725,0.783106,0
0.000000,0.167660,0.002047,0
0.000000,0.530719,0.029323,0
0.000000,0.689578,0.189379,0
0.000000,0.065337,0.002829,0
0.000000,0.287076,0.001278,0
0.000000,0.733717,0.022762,0
0.000000,0.328273,0.002320,0
0.000000,0.598179,0.092676,0
0.000000,0.677638,0.002976,0
0.000000,0.555662,0.012378,0
0.000000,0.382963,0.001432,0
0.000000,0.390264,0.001441,0
0.000000,0.131503,0.002009,0
0.000000,0.099961,0.001492,0
0.000000,0.428564,0.003888,0
0.000000,0.071006,0.003978,0
0.000000,0.480902,0.210056,0
0.000000,0.745797,0.003619,0
0.000000,0.665500,0.007997,0
0.000000,0.628393,0.074522,0
0.000000,0.509458,0.154778,0
0.000000,0.076219,0.003677,0
0.000000,0.168216,0.002980,0
0.000000,0.566414,0.003281,0
0.000000,0.405601,0.002140,0
0.000000,0.201165,0.001408,0
0.000000,0.048542,0.007294,0
0.000000,0.319114,0.001725,0
0.000000,0.116002,0.001735,0
0.000000,0.141060,0.002963,0
0.000000,0.047238,0.002120,0
0.000000,0.231756,0.692267,0
0.000000,0.088780,0.003851,0
0.000000,0.302060,0.002146,0
0.000000,0.061534,0.001445,0
0.000000,0.102653,0.001458,0
0.000000,0.235224,0.008862,0
0.000000,0.082023,0.001229,0
0.000000,0.100991,0.001298,0
0.000000,0.420982,0.072670,0
0.000000,0.113776,0.001540,0
0.000000,0.113776,0.024100,0
0.000000,0.185588,0.001772,0
0.000000,0.353830,0.005403,0
0.000000,0.631204,0.001630,0
0.000000,0.539530,0.006298,0
0.000000,0.631261,0.002128,0
0.000000,0.467676,0.659525,0
0.000000,0.340385,0.001691,0
0.000000,0.128370,0.006205,0
0.000000,0.346264,0.492729,0
0.000000,0.055359,0.001414,0
0.000000,0.573647,0.066249,0
0.000000,0.070624,0.001709,0
0.000000,0.112220,0.002156,0
0.000000,0.400122,0.058170,0
0.000000,0.088790,0.008835,0
0.000000,0.090299,0.972086,0
0.000000,0.071745,0.001422,0
0.000000,0.575106,0.078439,0
0.000000,0.153792,0.001522,0
0.000000,0.103069,0.002548,0
0.000000,0.403128,0.002968,0
0.000000,0.387243,0.101857,0
0.000000,0.123708,0.001237,0
0.000000,0.184901,0.001752,0
0.000000,0.569712,0.611830,0
0.000000,0.156676,0.001831,0
0.000000,0.538427,0.010229,0
0.000000,0.099640,0.001477,0
0.000000,0.099640,0.043813,0
0.000000,0.189413,0.001278,0
0.000000,0.341076,0.002064,0
0.000000,0.736621,0.002509,0
0.000000,0.353375,0.001470,0
0.000000,0.429020,0.002469,0
0.000000,0.069390,0.001236,0
0.000000,0.422658,0.001940,0
0.000000,0.444141,0.012579,0
0.000000,0.393960,0.001305,0
0.000000,0.387912,0.017271,0
0.000000,0.427450,0.001306,0
0.000000,0.353388,0.372485,0
0.000000,0.347416,0.235050,0
0.000000,0.579639,0.005389,0
0.000000,0.288299,0.001653,0
0.000000,0.637310,0.406569,0
0.000000,0.374911,0.001321,0
0.000000,0.066789,0.001543,0
0.000000,0.120315,0.001849,0
0.000000,0.068872,0.001300,0
0.000000,0.090265,0.001615,0
0.000000,0.071481,0.480986,0
0.000000,0.049818,0.979542,0
0.000000,0.418423,0.037826,0
0.000000,0.119300,0.067520,0
0.000000,0.357380,0.017829,0
0.000000,0.489079,0.073092,0
0.000000,0.291259,0.003477,0
0.000000,0.600610,0.022591,0
0.000000,0.477301,0.970107,0
0.000000,0.367543,0.020883,0
0.000000,0.516324,0.002696,0
0.000000,0.120001,0.007509,0
0.000000,0.153042,0.003912,0
0.000000,0.390043,0.006238,0
0.000000,0.144697,0.006743,0
0.000000,0.376917,0.239462,0
0.000000,0.672978,0.969310,0
0.000000,0.521552,0.446124,0
0.000000,0.175064,0.001808,0
0.000000,0.194036,0.015751,0
0.000000,0.630942,0.793394,0
0.000000,0.346544,0.001492,0
0.000000,0.526555,0.016158,0
0.000000,0.122037,0.001522,0
0.000000,0.077948,0.977131,0
0.000000,0.380434,0.369583,0
0.000000,0.062526,0.701537,0
0.000000,0.051535,0.078526,0
0.000000,0.484739,0.457315,0
0.000000,0.152545,0.011445,0
0.000000,0.098905,0.002740,0
0.000000,0.182305,0.030907,0
0.000000,0.213129,0.002669,0
0.000000,0.098445,0.027429,0
0.000000,0.107413,0.003763,0
0.000000,0.116336,0.002627,0
0.000000,0.333287,0.002508,0
0.000000,0.630888,0.009596,0
0.000000,0.443589,0.004063,0
0.000000,0.192727,0.912715,0
0.000000,0.681429,0.007573,0
0.000000,0.571205,0.003341,0
0.000000,0.121987,0.001527,0
0.000000,0.226544,0.003024,0
0.000000,0.101756,0.001449,0
0.000000,0.101756,0.020360,0
0.000000,0.130322,0.003765,0
0.000000,0.248201,0.005043,0
0.000000,0.432366,0.007567,0
0.000000,0.130615,0.306097,0
0.000000,0.296036,0.002826,0
0.000000,0.092863,0.002417,0
0.000000,0.496165,0.013137,0
0.000000,0.187804,0.148358,0
0.000000,0.187804,0.001257,0
0.000000,0.109607,0.003543,0
0.000000,0.087330,0.009880,0
0.000000,0.172668,0.003791,0
0.000000,0.403974,0.006649,0
0.000000,0.366199,0.005355,0
0.000000,0.701081,0.020518,0
0.000000,0.149644,0.053954,0
0.000000,0.269013,0.001317,0
0.000000,0.141646,0.006596,0
0.000000,0.346962,0.001372,0
0.000000,0.100609,0.001792,0
0.000000,0.180129,0.001268,0
0.000000,0.085496,0.053945,0
0.000000,0.202641,0.003461,0
0.000000,0.070674,0.001379,0
0.000000,0.068889,0.001539,0
0.000000,0.166942,0.001444,0
0.000000,0.621920,0.009105,0
0.000000,0.097975,0.002850,0
0.000000,0.642021,0.989843,0
0.000000,0.541064,0.005999,0
0.000000,0.678732,0.006626,0
0.000000,0.677331,0.008522,0
0.000000,0.440501,0.063185,0
0.000000,0.440501,0.045865,0
0.000000,0.168470,0.045592,0
0.000000,0.077789,0.001428,0
0.000000,0.132002,0.003247,0
0.000000,0.354217,0.337949,0
0.000000,0.581576,0.002471,0
0.000000,0.095215,0.001576,0
0.000000,0.088885,0.008255,0
0.000000,0.083861,0.001413,0
0.000000,0.156204,0.001766,0
0.000000,0.517216,0.282253,0
0.000000,0.607145,0.048940,0
0.000000,0.287823,0.001931,0
0.000000,0.214921,0.002290,0
0.000000,0.526495,0.015892,0
0.000000,0.128173,0.004663,0
0.000000,0.526402,0.003260,0
0.000000,0.106358,0.001721,0
0.000000,0.168892,0.004170,0
0.000000,0.547650,0.006501,0
0.000000,0.547650,0.017649,0
0.000000,0.289432,0.002402,0
0.000000,0.712661,0.233365,0
0.000000,0.470927,0.013440,0
0.000000,0.470927,0.034694,0
0.000000,0.071780,0.001311,0
0.000000,0.087610,0.013319,0
0.000000,0.103546,0.332155,0
0.000000,0.066567,0.003033,0
0.000000,0.426807,0.027475,0
0.000000,0.269386,0.031207,0
0.000000,0.750865,0.480090,0
0.000000,0.589283,0.796666,0
0.000000,0.574441,0.002288,0
0.000000,0.327927,0.014748,0
0.000000,0.134805,0.130992,0
0.000000,0.079636,0.001760,0
0.000000,0.249749,0.001594,0
0.000000,0.308193,0.198109,0
0.000000,0.107255,0.004048,0
0.000000,0.107255,0.001364,0
0.000000,0.381030,0.007088,0
0.000000,0.581105,0.013159,0
0.000000,0.105768,0.933408,0
0.000000,0.064814,0.004895,0
0.000000,0.077485,0.030038,0
0.000000,0.669607,0.007893,0
0.000000,0.078154,0.095581,0
0.000000,0.163210,0.001305,0
0.000000,0.106229,0.003896,0
0.000000,0.113893,0.003798,0
0.000000,0.144910,0.021497,0
0.000000,0.307175,0.004831,0
0.000000,0.589766,0.001624,0
0.000000,0.428437,0.012562,0
0.000000,0.221574,0.004641,0
0.000000,0.120864,0.767577,0
0.000000,0.557398,0.130278,0
0.000000,0.691986,0.346714,0
0.000000,0.471552,0.007519,0
0.000000,0.485068,0.012710,0
0.000000,0.365297,0.002169,0
0.000000,0.663989,0.003066,0
0.000000,0.690424,0.040539,0
0.000000,0.336560,0.706901,0
0.000000,0.399986,0.143230,0
0.000000,0.249949,0.330746,0
0.000000,0.176973,0.156676,0
0.000000,0.159579,0.001390,0
0.000000,0.407408,0.280790,0
0.000000,0.394765,0.001851,0
0.000000,0.479997,0.003165,0
0.000000,0.561624,0.932167,0
0.000000,0.594927,0.133750,0
0.000000,0.127655,0.001456,0
0.000000,0.127655,0.276495,0
0.000000,0.416990,0.104864,0
0.000000,0.366230,0.001377,0
0.000000,0.188491,0.001338,0
0.000000,0.130003,0.003354,0
0.000000,0.139201,0.002746,0
0.000000,0.152102,0.012959,0
0.000000,0.164930,0.006219,0
0.000000,0.202375,0.001735,0
0.000000,0.232083,0.033495,0
0.000000,0.046640,0.001265,0
0.000000,0.314692,0.513536,0
0.000000,0.115065,0.001646,0
0.000000,0.130219,0.001742,0
0.000000,0.113069,0.001512,0
0.000000,0.226051,0.002661,0
0.000000,0.691069,0.019517,0
0.000000,0.451220,0.935385,0
0.000000,0.553043,0.009198,0
0.000000,0.346170,0.002251,0
0.000000,0.368530,0.037696,0
0.000000,0.135784,0.001373,0
0.000000,0.128800,0.004337,0
0.000000,0.072806,0.002952,0
0.000000,0.671211,0.007415,0
0.000000,0.339065,0.003459,0
0.000000,0.503797,0.002529,0
0.000000,0.072265,0.002187,0
0.000000,0.503791,0.001512,0
0.000000,0.581155,0.052677,0
0.000000,0.462955,0.991289,0
0.000000,0.618451,0.005010,0
0.000000,0.730725,0.004657,0
0.000000,0.072571,0.001749,0
0.000000,0.072571,0.002785,0
0.000000,0.363614,0.129665,0
0.000000,0.378549,0.002365,0
0.000000,0.211236,0.018411,0
0.000000,0.468022,0.641941,0
0.000000,0.468022,0.001264,0
0.000000,0.234641,0.002546,0
0.000000,0.371967,0.003365,0
0.000000,0.127078,0.039997,0
0.000000,0.053652,0.001495,0
0.000000,0.475131,0.001895,0
0.000000,0.274903,0.001856,0
0.000000,0.584749,0.002860,0
0.000000,0.170801,0.955538,0
0.000000,0.063786,0.003759,0
0.000000,0.069546,0.001785,0
0.000000,0.082622,0.015476,0
0.000000,0.385813,0.068296,0
0.000000,0.486143,0.038392,0
0.000000,0.249862,0.002359,0
0.000000,0.106698,0.004415,0
0.000000,0.106698,0.004765,0
0.000000,0.529872,0.004187,0
0.000000,0.478207,0.002693,0
0.000000,0.514301,0.286234,0
0.000000,0.066925,0.001186,0
0.000000,0.514676,0.002799,0
0.000000,0.496592,0.003437,0
0.000000,0.679320,0.803762,0
0.000000,0.329708,0.002068,0
0.000000,0.413431,0.022916,0
0.000000,0.262214,0.008340,0
0.000000,0.208684,0.004087,0
0.000000,0.113313,0.001756,0
0.000000,0.178881,0.001543,0
0.000000,0.129921,0.002615,0
0.000000,0.682108,0.194030,0
0.000000,0.412028,0.001313,0
0.000000,0.406975,0.166271,0
0.000000,0.410018,0.024744,0
0.000000,0.079925,0.002021,0
0.000000,0.502103,0.002240,0
0.000000,0.193142,0.003535,0
0.000000,0.088636,0.001417,0
0.000000,0.172086,0.006186,0
0.000000,0.072371,0.009664,0
0.000000,0.070359,0.002466,0
0.000000,0.350593,0.009532,0
0.000000,0.784850,0.945647,0
0.000000,0.069912,0.007194,0
0.000000,0.714587,0.968539,0
0.000000,0.766249,0.014749,0
0.000000,0.073264,0.001494,0
0.000000,0.302015,0.003496,0
0.000000,0.771193,0.114321,0
0.000000,0.070027,0.001801,0
0.000000,0.537517,0.002557,0
0.000000,0.183197,0.001583,0
0.000000,0.593402,0.025960,0
0.000000,0.109285,0.004151,0
0.000000,0.179934,0.005604,0
0.000000,0.094064,0.001392,0
0.000000,0.163528,0.001468,0
0.000000,0.059243,0.005053,0
0.000000,0.622547,0.046567,0
0.000000,0.461300,0.249672,0
0.000000,0.167733,0.001301,0
0.000000,0.167733,0.004009,0
0.000000,0.536819,0.011382,0
0.000000,0.139035,0.003316,0
0.000000,0.152137,0.001912,0
0.000000,0.073134,0.004284,0
0.000000,0.463596,0.387932,0
0.000000,0.196606,0.003585,0
0.000000,0.115014,0.001368,0
0.000000,0.283342,0.005214,0
0.000000,0.112428,0.731859,0
0.000000,0.046082,0.026206,0
0.000000,0.187045,0.035674,0
0.000000,0.251892,0.659166,0
0.000000,0.431898,0.983862,0
0.000000,0.055104,0.003192,0
0.000000,0.640813,0.079701,0
0.000000,0.176099,0.001300,0
0.000000,0.334143,0.333716,0
0.000000,0.125359,0.001490,0
0.000000,0.144571,0.001285,0
0.000000,0.291499,0.001353,0
0.000000,0.096470,0.010872,0
0.000000,0.096470,0.003219,0
0.000000,0.281805,0.001928,0
0.000000,0.276789,0.002860,0
0.000000,0.171277,0.001333,0
0.000000,0.056945,0.040553,0
0.000000,0.108884,0.001797,0
0.000000,0.091627,0.009540,0
0.000000,0.244453,0.001710,0
0.000000,0.187716,0.102333,0
0.000000,0.257919,0.413390,0
0.000000,0.164313,0.001777,0
0.000000,0.164313,0.002109,0
0.000000,0.508619,0.030081,0
0.000000,0.217093,0.007059,0
0.000000,0.217093,0.002143,0
0.000000,0.710729,0.951773,0
0.000000,0.731898,0.024961,0
0.000000,0.250439,0.037868,0
0.000000,0.084140,0.014037,0
0.000000,0.077218,0.001712,0
0.000000,0.193865,0.004737,0
0.000000,0.109854,0.003140,0
0.000000,0.433537,0.005193,0
0.000000,0.147035,0.045260,0
0.000000,0.171003,0.001672,0
0.000000,0.482887,0.937698,0
0.000000,0.082684,0.001378,0
0.000000,0.730706,0.370511,0
0.000000,0.263834,0.001785,0
0.000000,0.093220,0.011885,0
0.000000,0.189124,0.731098,0
0.000000,0.104223,0.001447,0
0.000000,0.111085,0.001236,0
0.000000,0.049494,0.001527,0
0.000000,0.392914,0.008123,0
0.000000,0.470921,0.002014,0
0.000000,0.143408,0.001327,0
0.000000,0.425455,0.001814,0
0.000000,0.657100,0.006936,0
0.000000,0.638467,0.003024,0
0.000000,0.158355,0.001645,0
0.000000,0.169843,0.001411,0
0.000000,0.132127,0.001276,0
0.000000,0.087254,0.005220,0
0.000000,0.495676,0.591087,0
0.000000,0.057751,0.001509,0
0.000000,0.532878,0.024476,0
0.000000,0.181513,0.001482,0
0.000000,0.072856,0.001284,0
0.000000,0.212747,0.053596,0
0.000000,0.476573,0.879780,0
0.000000,0.062683,0.657974,0
0.000000,0.193582,0.007645,0
0.000000,0.450031,0.135914,0
0.000000,0.368780,0.004340,0
0.000000,0.348306,0.001304,0
0.000000,0.350798,0.002102,0
0.000000,0.149216,0.001852,0
0.000000,0.339916,0.001520,0
0.000000,0.545329,0.001953,0
0.000000,0.515604,0.043990,0
0.000000,0.397617,0.002979,0
0.000000,0.120355,0.002120,0
0.000000,0.421995,0.002026,0
0.000000,0.207104,0.001599,0
0.000000,0.099367,0.001916,0
0.000000,0.618408,0.003866,0
0.000000,0.572336,0.001833,0
0.000000,0.096229,0.969283,0
0.000000,0.201932,0.219097,0
0.000000,0.262163,0.003358,0
0.000000,0.262163,0.843544,0
0.000000,0.487851,0.845240,0
0.000000,0.585858,0.898195,0
0.000000,0.562624,0.068481,0
0.000000,0.383409,0.003069,0
0.000000,0.733773,0.007434,0
0.000000,0.091801,0.237717,0
0.000000,0.321882,0.003729,0
0.000000,0.280764,0.025439,0
0.000000,0.051220,0.052693,0
0.000000,0.060148,0.006865,0
0.000000,0.074005,0.001978,0
0.000000,0.085516,0.002300,0
0.000000,0.061937,0.076268,0
0.000000,0.108307,0.002801,0
0.000000,0.081420,0.002138,0
0.000000,0.187380,0.899592,0
0.000000,0.067015,0.001208,0
0.000000,0.208410,0.083743,0
0.000000,0.148607,0.004256,0
0.000000,0.483425,0.005353,0
0.000000,0.251770,0.002343,0
0.000000,0.425830,0.005815,0
0.000000,0.239014,0.763564,0
0.000000,0.058750,0.001268,0
0.000000,0.441008,0.091839,0
0.000000,0.077321,0.010812,0
0.000000,0.543703,0.003579,0
0.000000,0.480872,0.116259,0
0.000000,0.128213,0.028511,0
0.000000,0.448193,0.677773,0
0.000000,0.052365,0.002059,0
0.000000,0.083487,0.003888,0
0.000000,0.347355,0.058807,0
0.000000,0.116152,0.005472,0
0.000000,0.053014,0.002645,0
0.000000,0.930623,0.989547,1
0.000000,0.857294,0.988205,1
0.000000,0.884334,0.985730,1
0.000000,0.877150,0.988401,1
0.000000,0.707187,0.982380,1
0.000000,0.901382,0.999122,1
0.000000,0.960226,0.986045,1
0.000000,0.688593,0.985997,1
0.000000,0.917687,0.991221,1
0.000000,0.695086,0.998465,1
0.000000,0.872491,0.992718,1
0.000000,0.827839,0.986647,1
0.000000,0.751216,0.995530,1
0.000000,0.944472,0.982456,1
0.000000,0.889681,0.992333,1
0.115932,0.925487,0.991111,1
0.000000,0.808205,0.985920,1
0.000000,0.972459,0.994883,1
0.000000,0.692331,0.981876,1
0.000000,0.846318,0.999242,1
0.000000,0.873927,0.984623,1
0.000000,0.954481,0.986413,1
0.000000,0.915219,0.993251,1
0.000000,0.731228,0.982501,1
0.000000,0.814321,0.985010,1
0.000000,0.687005,0.991340,1
0.000000,0.742815,0.999740,1
0.000000,0.774930,0.988955,1
0.000000,0.927858,0.992258,1
0.000000,0.979330,0.983917,1
0.000000,0.784352,0.988861,1
0.000000,0.960853,0.985928,1
0.000000,0.836765,0.993282,1
0.000000,0.805212,0.986333,1
0.000000,0.914356,0.998451,1
0.000000,0.751234,0.987742,1
0.000000,0.883729,0.992104,1
0.000000,0.933247,0.999432,1
0.000000,0.801145,0.983647,1
0.000000,0.970024,0.985271,1
0.000000,0.745387,0.982678,1
0.000000,0.794022,0.984951,1
0.000000,0.659443,0.994558,1
0.000000,0.733299,0.995901,1
0.000000,0.765533,0.986517,1
0.000000,0.703218,0.989234,1
0.000000,0.938920,0.999238,1
0.000000,0.992143,0.985002,1
0.000000,0.930210,0.999912,1
0.000000,0.985823,0.991348,1
0.000000,0.866373,0.988820,1
0.073812,0.735927,0.983454,1
0.000000,0.980118,0.995334,1
0.000000,0.978551,0.994206,1
0.000000,0.842041,0.986931,1
0.000000,0.887319,0.987215,1
0.000000,0.706728,0.993559,1
0.000000,0.882442,0.988887,1
0.000000,0.971544,0.981999,1
0.000000,0.890740,0.985783,1
0.000000,0.812411,0.986213,1
0.000000,0.931004,0.982964,1
0.000000,0.765581,0.999444,1
0.000000,0.864183,0.982213,1
0.000000,0.978002,0.991246,1
0.000000,0.897774,0.990555,1
0.000000,0.958891,0.999074,1
0.000000,0.949218,0.982449,1
0.000000,0.869544,0.995664,1
0.000000,0.997713,0.994331,1
0.000000,0.868473,0.991288,1
0.000000,0.955906,0.981442,1
0.000000,0.787773,0.984332,1
0.000000,0.732994,0.983771,1
0.000000,0.833555,0.989991,1
0.000000,0.920336,0.996844,1
0.000000,0.892342,0.985724,1
0.000000,0.907431,0.987323,1
0.000000,0.804532,0.992612,1
0.000000,0.828716,0.996675,1
0.000000,0.694712,0.987238,1
0.000000,0.830422,0.985617,1
0.000000,0.912002,0.984889,1
0.000000,0.783518,0.981224,1
0.000000,0.865555,0.987330,1
0.000000,0.693294,0.994657,1
0.000000,0.900121,0.990923,1
0.000000,0.725631,0.982994,1
0.000000,0.987654,0.985110,1
0.000000,0.885317,0.986902,1
0.000000,0.923671,0.987664,1
0.000000,0.895442,0.992819,1
0.000000,0.918370,0.999542,1
0.000000,0.826519,0.989107,1
0.000000,0.761248,0.995823,1
0.096274,0.867413,0.984334,1
0.000000,0.910317,0.981229,1
0.000000,0.964313,0.982864,1
0.000000,0.708982,0.985572,1
0.000000,0.805321,0.984113,1
0.000000,0.845620,0.981882,1
0.000000,0.788431,0.987994,1
0.000000,0.869145,0.998741,1
0.000000,0.975311,0.990236,1
0.000000,0.823557,0.987332,1
0.000000,0.934551,0.981153,1
0.000000,0.909553,0.981942,1
0.000000,0.835113,0.984218,1
0.000000,0.946328,0.985981,1
0.000000,0.853829,0.996410,1
0.000000,0.872395,0.992737,1
0.000000,0.741283,0.995841,1
0.000000,0.822905,0.990675,1
0.000000,0.867093,0.982635,1
0.000000,0.986213,0.999194,1
0.000000,0.755772,0.998020,1
0.000000,0.981235,0.983182,1
0.000000,0.804562,0.982541,1
0.000000,0.861445,0.989157,1
0.000000,0.887273,0.992302,1
0.000000,0.918674,0.995601,1
0.000000,0.921800,0.983882,1
0.000000,0.894552,0.982241,1
0.000000,0.946102,0.985992,1
0.000000,0.955666,0.987119,1
0.000000,0.826334,0.996643,1
0.000000,0.739115,0.991229,1
0.000000,0.890122,0.982560,1
0.000000,0.930542,0.987004,1
0.000000,0.904334,0.983277,1
0.000000,0.957333,0.988653,1
0.000000,0.826317,0.986744,1
0.000000,0.785144,0.992433,1
0.000000,0.845331,0.991187,1
0.000000,0.939887,0.982215,1
0.000000,0.808452,0.983662,1
0.000000,0.784255,0.985202,1
0.000000,0.742889,0.985947,1
0.000000,0.793101,0.993217,1
0.000000,0.952116,0.985094,1
0.000000,0.951216,0.991319,1
0.000000,0.998271,0.992621,1
0.000000,0.826542,0.983729,1
0.000000,0.863112,0.984214,1
0.000000,0.936778,0.999422,1
0.000000,0.917284,0.992301,1
0.000000,0.861117,0.985433,1
0.000000,0.739827,0.985693,1
0.000000,0.803256,0.983552,1
0.000000,0.791203,0.999553,1
0.000000,0.948711,0.982742,1
0.000000,0.827346,0.991144,1
0.000000,0.917211,0.991283,1
0.000000,0.934122,0.987431,1
0.000000,0.973559,0.991777,1
0.000000,0.918215,0.982635,1
0.000000,0.705883,0.988842,1
0.000000,0.885422,0.984172,1
0.000000,0.858765,0.999331,1
0.000000,0.877112,0.983244,1
0.000000,0.990544,0.981641,1
0.000000,0.885927,0.982742,1
0.000000,0.804347,0.991285,1
0.000000,0.934215,0.982662,1
0.000000,0.996540,0.988174,1
0.000000,0.824994,0.981923,1
0.000000,0.821433,0.999128,1
0.000000,0.778326,0.985092,1
0.000000,0.905441,0.991281,1
0.000000,0.958311,0.982747,1
0.000000,0.851114,0.991217,1
0.000000,0.985449,0.982671,1
0.000000,0.949107,0.987382,1
0.000000,0.872710,0.986553,1
0.000000,0.812922,0.981553,1
0.000000,0.891005,0.982712,1
0.000000,0.780113,0.983214,1
0.000000,0.958882,0.994220,1
0.000000,0.812231,0.991287,1
0.000000,0.949014,0.982312,1
0.000000,0.962771,0.982763,1
0.000000,0.807131,0.981122,1
0.000000,0.812947,0.985761,1
0.000000,0.877325,0.987772,1
0.000000,0.918233,0.983002,1
0.000000,0.754521,0.986231,1
0.000000,0.943314,0.999541,1
0.000000,0.930551,0.984119,1
0.000000,0.903521,0.983881,1
0.000000,0.842775,0.984551,1
0.000000,0.896433,0.984712,1
0.000000,0.802547,0.987114,1
0.000000,0.871107,0.988553,1
0.000000,0.895673,0.991775,1
0.000000,0.965312,0.999441,1
0.000000,0.984112,0.982444,1
0.000000,0.931122,0.981007,1
0.000000,0.862109,0.986345,1
0.000000,0.985623,0.988774,1
0.000000,0.971555,0.987221,1
0.000000,0.812131,0.984772,1
0.000000,0.842773,0.983331,1
0.000000,0.905411,0.982113,1
0.000000,0.946330,0.982227,1
0.000000,0.977413,0.982883,1
0.000000,0.897711,0.982554,1
0.000000,0.814221,0.983224,1
0.000000,0.834712,0.981992,1
0.000000,0.918774,0.986771,1
0.000000,0.869554,0.999411,1
0.000000,0.953337,0.983667,1
0.000000,0.944226,0.982777,1
0.000000,0.821453,0.981224,1
0.000000,0.945711,0.981341,1
0.000000,0.935284,0.981229,1
0.000000,0.867732,0.982118,1
0.000000,0.819544,0.982221,1
0.000000,0.888430,0.981742,1
0.000000,0.982224,0.981440,1
0.000000,0.996774,0.982655,1
0.000000,0.921432,0.981774,1
0.000000,0.885667,0.981556,1
0.000000,0.931771,0.981885,1
0.000000,0.993445,0.981009,1
0.000000,0.982654,0.982445,1
0.000000,0.959332,0.981112,1
0.000000,0.912773,0.981663,1
0.000000,0.974321,0.982111,1
0.000000,0.964552,0.981223,1
0.000000,0.903114,0.982774,1
0.000000,0.876412,0.981772,1
0.000000,0.892341,0.981661,1
0.000000,0.977433,0.982552,1
0.000000,0.855662,0.982883,1
0.000000,0.904443,0.981991,1
0.000000,0.946112,0.981444,1
0.000000,0.938552,0.982551,1
0.000000,0.884321,0.981772,1
0.000000,0.969321,0.981663,1
0.000000,0.997114,0.981882,1
0.000000,0.908553,0.982331,1
0.000000,0.883665,0.981772,1
0.000000,0.971885,0.982114,1
0.000000,0.894331,0.981665,1
0.000000,0.925667,0.981554,1
0.000000,0.984551,0.982555,1
0.000000,0.936772,0.982331,1
0.000000,0.948445,0.981773,1
0.000000,0.967774,0.982221,1
0.000000,0.994331,0.981662,1
0.000000,0.887443,0.981774,1
0.000000,0.927554,0.981887,1
0.000000,0.975552,0.982554,1
0.000000,0.979445,0.981773,1
0.000000,0.951331,0.982112,1
0.000000,0.913772,0.981554,1
0.000000,0.886443,0.982771,1
0.000000,0.983221,0.982553,1
0.000000,0.969554,0.981442,1
0.000000,0.905442,0.982663,1
0.000000,0.959443,0.982774,1
0.000000,0.994774,0.982663,1
0.000000,0.903551,0.981552,1
0.000000,0.877443,0.982775,1
0.000000,0.864554,0.981664,1
0.000000,0.993221,0.982554,1
0.000000,0.986774,0.981331,1
0.000000,0.952665,0.982664,1
0.000000,0.939443,0.981775,1
0.000000,0.977775,0.982332,1
0.000000,0.963221,0.982773,1
0.000000,0.999443,0.981664,1
0.000000,0.931552,0.982551,1
0.000000,0.948774,0.981441,1
0.000000,0.961114,0.982332,1
0.000000,0.972665,0.981554,1
0.000000,0.936331,0.981773,1
0.000000,0.889774,0.982662,1
0.000000,0.957221,0.982112,1
0.000000,0.948112,0.981775,1
0.000000,0.969554,0.981884,1
0.000000,0.913665,0.981773,1
0.000000,0.887221,0.982111,1
0.000000,0.973552,0.981554,1
0.000000,0.983774,0.982772,1
0.000000,0.936445,0.981442,1
0.000000,0.949221,0.982554,1
0.000000,0.959774,0.981775,1
0.000000,0.975331,0.981664,1
0.000000,0.988221,0.982331,1
0.000000,0.952331,0.981773,1
0.000000,0.971114,0.981332,1
0.000000,0.987443,0.982555,1
0.000000,0.975221,0.982441,1
0.000000,0.993554,0.981775,1
0.000000,0.961554,0.981442,1
0.000000,0.971665,0.981884,1
0.000000,0.985773,0.982223,1
0.000000,0.996114,0.982775,1
0.000000,0.981331,0.981664,1
0.000000,0.977775,0.982551,1
0.000000,0.972223,0.981775,1
0.000000,0.963114,0.982443,1
0.000000,0.986665,0.982221,1
0.000000,0.975774,0.981885,1
0.000000,0.948331,0.982773,1
0.000000,0.933552,0.981664,1
0.000000,0.955443,0.981554,1
0.000000,0.977554,0.982551,1
0.000000,0.962114,0.981884,1
0.000000,0.993774,0.982773,1
0.000000,0.984665,0.981664,1
0.000000,0.995114,0.982331,1
0.000000,0.988443,0.981775,1
0.000000,0.966223,0.981885,1
0.000000,0.972331,0.982443,1
0.000000,0.978665,0.981664,1
0.000000,0.953774,0.981885,1
0.000000,0.947554,0.982773,1
0.000000,0.939114,0.981773,1
0.000000,0.981775,0.982331,1
0.000000,0.974665,0.981885,1
0.000000,0.965332,0.982773,1
0.000000,0.989554,0.981664,1
0.000000,0.971774,0.981884,1
0.000000,0.985554,0.982443,1
0.000000,0.991665,0.981664,1
0.000000,0.978332,0.981773,1
0.000000,0.967775,0.982331,1
0.000000,0.956665,0.982554,1
0.000000,0.993885,0.981775,1
0.000000,0.984331,0.981664,1
0.000000,0.996554,0.982221,1
0.000000,0.989775,0.981773,1
0.000000,0.973114,0.982554,1
0.000000,0.964665,0.981885,1
0.000000,0.975554,0.981664,1
0.000000,0.981114,0.982773,1
0.000000,0.996775,0.981554,1
0.00038,0.144432,0.99418,1
0.000387,0.061279,0.977658,1
0.000273,0.142673,0.966194,1
0.000723,0.041962,0.979247,1
0.000207,0.014176,0.989642,1
2.9e-05,0.006336,0.96188,1
0.000423,0.14063,0.974926,1
0.00027,0.167079,0.991992,1
0.000321,0.087388,0.970637,1
0.000927,0.163372,0.979096,1
0.000909,0.135516,0.994858,1
0.000599,0.045916,0.973531,1
0.000152,0.03452,0.974208,1
0.000382,0.188831,0.997061,1
0.000913,0.082328,0.964177,1
0.000213,0.121844,0.960501,1
0.000181,0.043199,0.975945,1
0.000322,0.063288,0.986509,1
0.000129,0.145803,0.970233,1
0.000583,0.196728,0.997446,1
0.023216,0.183183,0.984148,1
0.000484,0.025642,0.960725,1
0.000853,0.069045,0.993836,1
0.000438,0.054861,0.976234,1
0.000204,0.051003,0.984999,1
0.096952,0.061808,0.997721,1
0.000548,0.089283,0.986416,1
0.000803,0.030116,0.992232,1
0.000131,0.082067,0.962923,1
0.000639,0.013036,0.997802,1
0.000296,0.193062,0.974522,1
0.000406,0.103422,0.96771,1
0.000381,0.166854,0.975293,1
0.000412,0.139964,0.964475,1
0.000948,0.147304,0.975738,1
0.000316,0.004342,0.977129,1
0.000862,0.034283,0.991925,1
0.000536,0.071081,0.996255,1
0.000991,0.15867,0.96986,1
0.000829,0.177345,0.970929,1
0.18084,0.099493,0.963749,1
0.000977,0.119026,0.997041,1
4e-06,0.195384,0.967451,1
0.000417,0.002758,0.990545,1
1.6e-05,0.073885,0.992166,1
0.000364,0.149695,0.981238,1
0.00017,0.128667,0.98418,1
0.000782,0.056357,0.992436,1
0.000756,0.115446,0.990437,1
0.000398,0.123795,0.961528,1
0.000925,0.121642,0.995079,1
0.000312,0.027093,0.983283,1
0.000292,0.12718,0.984921,1
0.000849,0.153902,0.975984,1
0.000448,0.104562,0.994967,1
0.000758,0.026513,0.968574,1
0.000359,0.119638,0.979974,1
0.000111,0.12621,0.974758,1
0.000554,0.048474,0.982747,1
0.000774,0.173808,0.998805,1
0.000129,0.074629,0.99547,1
0.000843,0.171629,0.970205,1
7.3e-05,0.095847,0.963081,1
0.000334,0.110088,0.972991,1
0.000406,0.100137,0.970323,1
0.000294,0.089988,0.993192,1
0.00081,0.095195,0.985456,1
0.000505,0.075297,0.997167,1
0.000537,0.1677,0.983949,1
0.000879,0.076572,0.993722,1
0.000215,0.034422,0.990488,1
0.000902,0.059137,0.96906,1
8.7e-05,0.125754,0.977408,1
0.00075,0.130895,0.964373,1
0.000942,0.18605,0.963337,1
0.000292,0.016355,0.982917,1
0.000796,0.054786,0.960118,1
0.000552,0.145763,0.982546,1
0.000773,0.122923,0.970972,1
0.000996,0.068371,0.971872,1
0.000926,0.056131,0.98519,1
0.00013,0.021252,0.961354,1
5.8e-05,0.076343,0.97327,1
0.000507,0.036425,0.992733,1
0.000766,0.004032,0.96492,1
0.000292,0.16528,0.961901,1
0.167444,0.190563,0.976947,1
0.000644,0.100629,0.998003,1
0.00086,0.111166,0.976011,1
0.000855,0.163771,0.967256,1
0.000743,0.068209,0.978219,1
0.000663,0.058259,0.964825,1
0.000158,0.124296,0.993058,1
0.00065,0.053602,0.985736,1
0.000749,0.093423,0.981637,1
0.000436,0.198419,0.978386,1
0.000455,0.08801,0.988336,1
0.000828,0.009475,0.979309,1
0.000735,0.177589,0.976347,1
0.000667,0.043659,0.977033,1
0.000486,0.107992,0.980942,1
0.000225,0.014679,0.98921,1
0.000698,0.143453,0.994585,1
2.4e-05,0.125708,0.983259,1
0.000805,0.117372,0.970208,1
0.000493,0.139477,0.997774,1
0.00039,0.100264,0.969605,1
0.000274,0.024396,0.988245,1
0.000128,0.025647,0.991676,1
0.000283,0.08804,0.967173,1
0.000294,0.095974,0.97251,1
0.019131,0.105113,0.966791,1
7e-06,0.157806,0.997883,1
0.000497,0.143674,0.973869,1
0.000372,0.089811,0.99404,1
0.000173,0.069955,0.995761,1
0.000725,0.080903,0.974319,1
0.000762,0.148903,0.998487,1
0.000216,0.006446,0.976021,1
0.000728,0.098586,0.977591,1
0.000201,0.143201,0.975421,1
0.000853,0.17544,0.966293,1
8.3e-05,0.144336,0.972156,1
0.000876,0.171167,0.986939,1
0.000815,0.186372,0.987417,1
0.000646,0.090342,0.993376,1
0.000957,0.174588,0.976016,1
0.000544,0.011764,0.976073,1
0.000179,0.058947,0.961852,1
0.000345,0.120202,0.981582,1
0.000341,0.113495,0.992044,1
0.000705,0.151148,0.987639,1
0.000375,0.139886,0.997742,1
0.000545,0.159598,0.982615,1
1.7e-05,0.167166,0.991151,1
0.000523,0.198963,0.995233,1
0.00058,0.11226,0.978976,1
4.3e-05,0.188518,0.990139,1
0.000944,0.192598,0.972112,1
0.000336,0.071313,0.967045,1
0.000772,0.106355,0.994108,1
0.000451,0.188402,0.977869,1
6.6e-05,0.093915,0.988158,1
0.000613,0.123948,0.993653,1
0.000776,0.071919,0.967227,1
0.000153,0.125514,0.975549,1
0.000709,0.147404,0.984326,1
0.000325,0.139576,0.993995,1
0.138214,0.105405,0.992941,1
0.000459,0.11874,0.986111,1
0.000676,0.122429,0.983283,1
0.00073,0.075832,0.972624,1
0.000359,0.100991,0.972101,1
0.000752,0.186354,0.99762,1
0.00078,0.196934,0.986471,1
0.000888,0.096603,0.977676,1
0.000436,0.112271,0.9669,1
0.000285,0.091295,0.980814,1
0.000756,0.023876,0.979343,1
0.000519,0.165607,0.990721,1
4.3e-05,0.152025,0.973774,1
0.000532,0.168687,0.961602,1
0.000555,0.106077,0.98836,1
0.000636,0.017162,0.997491,1
0.000551,0.097777,0.983101,1
0.000704,0.166728,0.98359,1
2.5e-05,0.195144,0.994249,1
0.000455,0.086064,0.982341,1
0.000215,0.114589,0.989115,1
1.6e-05,0.102973,0.966246,1
0.000191,0.069359,0.976332,1
0.093216,0.104308,0.993876,1
0.0005,0.140877,0.960494,1
0.000249,0.041683,0.964055,1
0.000512,0.140602,0.96441,1
0.069301,0.181531,0.96851,1
7.7e-05,0.115287,0.98281,1
0.0005,0.002819,0.983347,1
0.000388,0.016164,0.986821,1
0.000222,0.174115,0.965132,1
0.000221,0.104233,0.979136,1
0.00024,0.106066,0.985255,1
0.000195,0.067073,0.970235,1
0.000695,0.0149,0.968371,1
0.0006,0.035396,0.98587,1
0.000142,0.142792,0.985865,1
0.000683,0.052329,0.993508,1
0.000136,0.182222,0.981779,1
0.000466,0.036818,0.993521,1
0.000515,0.137015,0.960197,1
0.000163,0.003129,0.979208,1
0.000762,0.003763,0.971782,1
0.000573,0.085336,0.960819,1
0.000346,0.004408,0.963625,1
0.000122,0.140203,0.974416,1
0.000144,0.095625,0.974665,1
0.000598,0.134335,0.983005,1
0.000985,0.130958,0.966577,1
0.000789,0.112403,0.99174,1
0.000286,0.054103,0.981356,1
0.013205,0.530067,0.936964,1
0.011059,0.443276,0.900239,1
0.01217,0.476515,0.903381,1
0.014011,0.482388,0.939416,1
0.014195,0.402926,0.919201,1
0.005784,0.476069,0.920703,1
0.013868,0.44058,0.927545,1
0.009434,0.587048,0.927625,1
0.012652,0.459806,0.903995,1
0.016842,0.525459,0.910514,1
0.014066,0.496261,0.910894,1
0.005035,0.594771,0.913785,1
0.018746,0.41435,0.924724,1
0.005239,0.463294,0.91895,1
0.006267,0.561837,0.93815,1
0.018158,0.400084,0.937205,1
0.00588,0.488481,0.929027,1
0.005692,0.478057,0.922532,1
0.016331,0.50906,0.938113,1
0.011844,0.484949,0.925747,1
0.014854,0.545297,0.911123,1
0.019285,0.494458,0.936812,1
0.010885,0.472493,0.935446,1
0.010516,0.538761,0.923784,1
0.010378,0.483775,0.91249,1
0.008479,0.561313,0.913179,1
0.016606,0.481433,0.905366,1
0.01604,0.513863,0.900432,1
0.016505,0.52738,0.902414,1
0.008531,0.440762,0.929542,1
0.015417,0.559762,0.929107,1
0.01788,0.439611,0.930117,1
0.010172,0.46255,0.929507,1
0.013304,0.436152,0.912536,1
0.009437,0.501241,0.91946,1
0.013566,0.435195,0.914519,1
0.013389,0.403978,0.905456,1
0.019456,0.416649,0.915382,1
0.013376,0.467272,0.934726,1
0.008072,0.549396,0.932677,1
0.016795,0.557352,0.915618,1
0.015491,0.497831,0.908658,1
0.005075,0.421914,0.930127,1
0.006215,0.418145,0.913847,1
0.017451,0.540098,0.9079,1
0.011087,0.598335,0.920345,1
0.012653,0.528264,0.924422,1
0.016866,0.596535,0.902673,1
0.018746,0.489566,0.930154,1
0.015007,0.429283,0.938814,1
0.011556,0.472243,0.927138,1
0.011552,0.428715,0.904241,1
0.01915,0.482351,0.935084,1
0.011835,0.41019,0.925045,1
0.009882,0.495673,0.923786,1
0.006929,0.416819,0.913262,1
0.014751,0.432071,0.927753,1
0.006687,0.448819,0.902844,1
0.011537,0.404933,0.907532,1
0.017738,0.530525,0.936466,1
0.007847,0.443495,0.922266,1
0.015911,0.567882,0.929611,1
0.00991,0.491432,0.906712,1
0.018314,0.587563,0.927568,1
0.01369,0.492655,0.908909,1
0.017387,0.571412,0.912598,1
0.00625,0.551921,0.928238,1
0.012893,0.487016,0.908047,1
0.006435,0.460939,0.931063,1
0.005192,0.576481,0.909924,1
0.013117,0.594221,0.902171,1
0.006056,0.538471,0.929013,1
0.018362,0.442258,0.90778,1
0.015314,0.470941,0.920202,1
0.007313,0.49198,0.921976,1
0.005231,0.423381,0.911442,1
0.005302,0.577349,0.924871,1
0.016902,0.468535,0.930935,1
0.006926,0.469208,0.901154,1
0.008773,0.477292,0.907928,1
0.006697,0.481082,0.910666,1
0.009684,0.575607,0.926075,1
0.01029,0.528736,0.929185,1
0.018083,0.4303,0.91735,1
0.005152,0.51754,0.914936,1
0.016039,0.453821,0.905749,1
0.011456,0.544142,0.936824,1
0.005056,0.433281,0.934697,1
0.017533,0.40767,0.904655,1
0.019603,0.502013,0.920048,1
0.007456,0.534335,0.905366,1
0.019707,0.454412,0.933694,1
0.010415,0.422921,0.924769,1
0.010388,0.504469,0.919226,1
0.008775,0.424109,0.909822,1
0.006465,0.447908,0.921559,1
0.012947,0.439321,0.935811,1
0.008159,0.516449,0.93197,1
0.009654,0.534347,0.914705,1
0.01662,0.587666,0.907087,1
0.013391,0.563342,0.920228,1
0.017518,0.56318,0.922003,1
0.010983,0.402087,0.922374,1
0.01396,0.471322,0.909726,1
0.009377,0.495142,0.925098,1
0.018869,0.529825,0.919163,1
0.013212,0.485651,0.90219,1
0.013312,0.545616,0.914046,1
0.019029,0.461347,0.915979,1
0.012858,0.537921,0.908175,1
0.007984,0.468307,0.917298,1
0.018997,0.479974,0.923918,1
0.010824,0.551426,0.919024,1
0.014493,0.459853,0.922022,1
0.017466,0.54298,0.928229,1
0.015013,0.507221,0.933307,1
0.011477,0.472277,0.920363,1
0.008929,0.58985,0.909699,1
0.015105,0.53845,0.924412,1
0.018886,0.401729,0.904405,1
0.006526,0.415697,0.926865,1
0.018281,0.433734,0.905709,1
0.019918,0.446906,0.930267,1
0.008968,0.47555,0.934162,1
0.019795,0.442421,0.922358,1
0.015175,0.562093,0.932046,1
0.018922,0.528677,0.921581,1
0.015998,0.45663,0.912322,1
0.014342,0.516704,0.915322,1
0.012285,0.490194,0.924918,1
0.007195,0.426386,0.908438,1
0.009528,0.473505,0.916346,1
0.008606,0.480976,0.917371,1
0.013811,0.559535,0.918288,1
0.019898,0.493236,0.921307,1
0.008487,0.576138,0.923286,1
0.007463,0.588454,0.931695,1
0.011386,0.458769,0.911053,1
0.018465,0.412623,0.907929,1
0.012116,0.454858,0.927329,1
0.019202,0.495666,0.917198,1
0.011915,0.556269,0.933553,1
0.013157,0.594645,0.909281,1
0.006185,0.449048,0.901615,1
0.007274,0.454287,0.906806,1
0.00573,0.466636,0.900328,1
0.015379,0.562757,0.901367,1
0.015974,0.44882,0.927048,1
0.008533,0.583243,0.901197,1
0.012288,0.540625,0.912083,1
0.013564,0.584448,0.931039,1
0.015434,0.556692,0.923939,1
0.018623,0.448401,0.901352,1
0.006592,0.425474,0.924805,1
0.019467,0.54983,0.931504,1
0.009086,0.528317,0.921931,1
0.007386,0.572441,0.926349,1
0.007213,0.596537,0.912767,1
0.007605,0.513746,0.924506,1
0.011778,0.594979,0.92128,1
0.017979,0.401505,0.939646,1
0.018065,0.578485,0.915062,1
0.0168,0.406203,0.903562,1
0.009299,0.433319,0.929487,1
0.007177,0.558333,0.934894,1
0.017701,0.430803,0.910292,1
0.018351,0.415919,0.909772,1
0.007445,0.569282,0.907097,1
0.018071,0.461235,0.903678,1
0.019707,0.46814,0.918625,1
0.012676,0.452477,0.920747,1
0.009898,0.49258,0.932716,1
0.010347,0.403895,0.922521,1
0.00672,0.551156,0.913473,1
0.009799,0.508226,0.91323,1
0.006986,0.478903,0.925976,1
0.018034,0.564259,0.903452,1
0.0159,0.574463,0.907477,1
0.007469,0.480307,0.933454,1
0.017896,0.45268,0.924215,1
0.009585,0.597501,0.912868,1
0.017912,0.440287,0.936038,1
0.019476,0.424322,0.932027,1
0.015328,0.512427,0.900645,1
0.009294,0.569149,0.930776,1
0.012348,0.501984,0.919749,1
0.006129,0.523062,0.937493,1
0.018194,0.580998,0.924428,1
0.012133,0.595842,0.91661,1
0.008005,0.581438,0.906473,1
0.010274,0.490958,0.900433,1
0.019675,0.584114,0.90382,1
0.018464,0.509934,0.914274,1
0.012679,0.502781,0.907533,1
0.014961,0.421969,0.92219,1
0.009443,0.442597,0.901635,1
0.009113,0.432244,0.933071,1
0.018395,0.473654,0.939007,1
0.007818,0.507238,0.922617,1
0.019704,0.587894,0.912284,1
0.000571,0.518799,0.236196,0
0.008048,0.898998,0.224692,0
0.000569,0.719148,0.04574,0
0.001366,0.715007,0.226188,0
0.040581,0.86729,0.14916,0
0.001066,0.675907,0.21756,0
0.001768,0.8534,0.209025,0
0.000175,0.678314,0.235487,0
0.005081,0.592365,0.17746,0
0.001919,0.650929,0.252284,0
3.7e-05,0.674911,0.167986,0
0.001638,0.73731,0.062272,0
0.046105,0.573646,0.093386,0
0.000235,0.55984,0.230552,0
0.00148,0.857951,0.182125,0
0.000736,0.898751,0.119777,0
0.011297,0.750632,0.200944,0
0.001207,0.86376,0.127755,0
0.001228,0.655643,0.26865,0
0.00043,0.80373,0.175154,0
0.001498,0.726169,0.225355,0
0.001043,0.651886,0.102491,0
0.001939,0.575161,0.260639,0
0.001583,0.881138,0.239569,0
0.000172,0.689447,0.156818,0
0.027608,0.538682,0.058192,0
0.041645,0.853929,0.069235,0
0.000493,0.854352,0.270384,0
0.001788,0.892376,0.286809,0
0.002821,0.757555,0.208297,0
0.001915,0.870817,0.265365,0
0.000968,0.817817,0.13617,0
0.000876,0.846361,0.095764,0
0.007269,0.882312,0.200738,0
0.000146,0.815527,0.052635,0
0.000748,0.841849,0.196093,0
0.047773,0.676118,0.155309,0
0.000614,0.744978,0.204143,0
0.026225,0.668088,0.001285,0
0.019325,0.831995,0.087755,0
0.030158,0.782483,0.01653,0
0.001975,0.808985,0.089678,0
0.00129,0.727228,0.282486,0
0.0008,0.854709,0.227997,0
0.011664,0.886015,0.14545,0
0.000231,0.58658,0.27742,0
0.001396,0.62478,0.031351,0
0.00132,0.846603,0.215477,0
0.000282,0.580254,0.061778,0
0.001647,0.809533,0.119679,0
0.001454,0.603566,0.118063,0
0.032088,0.715131,0.218778,0
0.000581,0.519864,0.143845,0
0.000241,0.693512,0.283198,0
0.001208,0.7255,0.031542,0
0.000135,0.782289,0.081362,0
0.003666,0.722003,0.147486,0
0.027258,0.640667,0.194509,0
0.001737,0.648456,0.124698,0
0.001034,0.889788,0.123375,0
0.00092,0.716071,0.274389,0
0.006729,0.518578,0.145187,0
0.001,0.684675,0.292654,0
0.000175,0.744227,0.115961,0
0.001438,0.536925,0.021536,0
0.03078,0.74724,0.168915,0
0.000293,0.579012,0.134749,0
7.1e-05,0.686314,0.153507,0
0.000365,0.585395,0.088161,0
0.000211,0.572694,0.29916,0
0.001166,0.66526,0.095485,0
0.030381,0.758147,0.230473,0
0.001223,0.519505,0.271117,0
0.000862,0.667789,0.287206,0
0.000478,0.819997,0.091533,0
0.043408,0.567431,0.063493,0
0.031446,0.862298,0.263599,0
0.001341,0.536494,0.229467,0
0.001683,0.658518,0.207717,0
0.000261,0.600283,0.275738,0
0.000897,0.507283,0.000138,0
0.001777,0.837322,0.270963,0
0.046283,0.683015,0.283009,0
0.013169,0.565465,0.279721,0
0.047228,0.825644,0.039593,0
0.000853,0.622269,0.065949,0
0.00109,0.603099,0.135631,0
0.001926,0.76727,0.007375,0
0.041384,0.707769,0.246633,0
0.000513,0.780411,0.070571,0
0.00148,0.864199,0.19574,0
0.001193,0.6843,0.036811,0
0.000234,0.82196,0.060029,0
0.000244,0.559517,0.253737,0
0.000378,0.776912,0.192467,0
0.048841,0.877288,0.234301,0
0.00084,0.884396,0.057635,0
0.011731,0.641004,0.11586,0
4.4e-05,0.622634,0.269777,0
0.001711,0.5953,0.171878,0
0.019668,0.129501,0.212403,0
0.001821,0.020412,0.041834,0
6.6e-05,0.048175,0.232156,0
0.000574,0.024058,0.239415,0
0.000832,0.013781,0.042044,0
0.003941,0.056421,0.266646,0
0.000574,0.07906,0.089681,0
0.000331,0.171956,0.137132,0
0.048162,0.096073,0.085041,0
0.000631,0.028035,0.072814,0
0.001829,0.163431,0.05365,0
0.001492,0.036334,0.29355,0
0.0059,0.175735,0.122491,0
0.008011,0.157256,0.159657,0
0.000276,0.02456,0.132862,0
0.002717,0.077032,0.124909,0
0.000526,0.161156,0.195254,0
0.000579,0.197029,0.175834,0
0.000104,0.045548,0.131095,0
0.001505,0.004518,0.190179,0
0.00015,0.185443,0.125258,0
0.010966,0.132242,0.05523,0
0.001407,0.106325,0.238554,0
0.045408,0.021586,0.217732,0
0.046548,0.043837,0.050004,0
0.000571,0.192443,0.078074,0
0.000387,0.18627,0.193915,0
0.000686,0.075553,0.217603,0
0.001992,0.086518,0.110169,0
0.000979,0.022555,0.133412,0
0.000116,0.125886,0.243466,0
0.001441,0.124605,0.135104,0
0.001972,0.072855,0.214383,0
0.000465,0.122189,0.254711,0
0.000774,0.159393,0.207158,0
0.000346,0.157108,0.23137,0
0.009294,0.073927,0.118817,0
0.000528,0.1571,0.024565,0
0.001138,0.121137,0.260725,0
0.001153,0.047733,0.04769,0
0.001864,0.159366,0.013767,0
0.001813,0.165164,0.120298,0
0.040912,0.100111,0.159594,0
0.00064,0.057419,0.113682,0
0.001335,0.132681,0.08165,0
0.000491,0.067889,0.129248,0
0.042859,0.193144,0.298361,0
0.001524,0.166941,0.282585,0
0.040255,0.194974,0.293147,0
0.000198,0.017224,0.205067,0
0.000531,0.177681,0.247231,0
0.044893,0.117111,0.242847,0
0.000267,0.009447,0.076567,0
0.001986,0.177376,0.165279,0
0.001858,0.007603,0.024953,0
0.000255,0.07869,0.040118,0
0.001768,0.039491,0.222219,0
0.001564,0.037686,0.143751,0
0.036979,0.175533,0.078501,0
0.000258,0.010254,0.156086,0
0.001375,0.103247,0.176508,0
0.004391,0.12433,0.042061,0
0.022726,0.065974,0.032142,0
0.047074,0.016572,0.170956,0
0.00067,0.145851,0.184195,0
0.024185,0.14878,0.26771,0
0.032161,0.103583,0.02711,0
8.5e-05,0.062267,0.200721,0
0.001025,0.160803,0.148417,0
0.00031,0.169752,0.125705,0
4.8e-05,0.130389,0.082218,0
0.001819,0.160953,0.141093,0
0.01594,0.135788,0.21944,0
0.044659,0.133448,0.199456,0
0.025165,0.147182,0.244812,0
0.00092,0.008866,0.237924,0
0.000826,0.03189,0.152476,0
0.001223,0.103663,0.024869,0
0.001807,0.053681,0.187099,0
0.001508,0.111509,0.064935,0
0.001508,0.071192,0.072459,0
0.021434,0.06303,0.219773,0
0.001135,0.041114,0.230805,0
0.040525,0.192004,0.011062,0
0.001048,0.03883,0.074425,0
0.001323,0.027459,0.215911,0
0.001508,0.010633,0.212468,0
0.00022,0.155496,0.149612,0
0.001103,0.069816,0.104252,0
0.001959,0.129891,0.165957,0
0.011349,0.195849,0.122496,0
0.001102,0.076456,0.080996,0
0.000534,0.077638,0.216075,0
0.01026,0.113631,0.056611,0
0.001182,0.080561,0.180794,0
0.001067,0.167188,0.083738,0
0.001025,0.087258,0.098548,0
0.026127,0.190541,0.288991,0
0.000519,0.145934,0.092346,0
0.001678,0.124831,0.016606,0
0.0,0.10394312757301366,0.7396330002016427,0
0.026567731578407403,0.013266101936909858,0.7288999250823976,0
0.0,0.09071771754489866,0.6068977157019312,0
0.0,0.2915207804848461,0.691795665631436,0
0.0,0.21071227529624897,0.7022726214533955,0
0.0,0.4463358555384874,0.7072833280612663,0
0.0,0.40872178086922045,0.7560663673221524,0
0.016147823647062298,0.17090867584893799,0.7435390850695303,0
0.0,0.12971171671564624,0.7635264699614366,0
0.0,0.18984620408363345,0.8057535973548324,0
0.0,0.29514747125740387,0.8186931637146291,0
0.003922819067113298,0.13403182041143813,0.7931751075049269,0
0.0,0.312074453924567,0.8570358742118774,0
0.0,0.2047058260956202,0.6049045647399413,0
0.0,0.8468411128907443,0.6526642781488738,0
0.0,0.6103848063943802,0.6020344133691202,0
0.0,0.14723287977095884,0.7741706981075882,0
0.0,0.47422665348107834,0.8415702176675465,0
0.0,0.8272556071405677,0.6654967377790245,0
0.0,0.07005658788322627,0.8493722925502065,0
0.0,0.4342339879489564,0.6162119279878918,0
0.0,0.24371559912475682,0.8513632912106833,0
0.0,0.4472761134470457,0.6945865028674616,0
0.0,0.3999276279736576,0.6272822028528392,0
0.0,0.21260675223461672,0.7306995032211216,0
0.0,0.011234654160058699,0.6690728967168166,0
0.0,0.13433867969247304,0.6766308106277572,0
0.0,0.27081710733043346,0.6826610005651711,0
0.0,0.31673910991307364,0.8160139665169864,0
0.0,0.12894384271660114,0.7450343834256434,0
0.0,0.06967803703641207,0.683741771072965,0
0.0,0.6149773029455431,0.764179787710637,0
0.0,0.49220109035177606,0.7926445313660391,0
0.005803632025345812,0.2628450911513429,0.6733358561973206,0
0.0023001321010876377,0.08583964292415175,0.7112447083103195,0
0.0,0.13615366325968448,0.6327873591076388,0
0.0,0.009195338273733367,0.648729175024829,0
0.0,0.4571494032802495,0.7832207027165804,0
0.0,0.05887554144507057,0.6488069155301236,0
0.0,0.2882582377571268,0.7412689502064391,0
0.0,0.137027610343603,0.7907334444033344,0
0.0,0.2770890012578967,0.6287498923124861,0
0.0,0.3257101941759321,0.752606987080175,0
0.021692582461898653,0.4148709018536008,0.6690153888156668,0
0.0,0.1032106358803016,0.859027329438909,0
0.0,0.8131101608157076,0.7300737789676597,0
0.0,0.06844281503440364,0.8168119958895175,0
0.0,0.45000932092405255,0.7480109398400344,0
0.0,0.4369450387812576,0.6116779713379463,0
0.0,0.29870655108515415,0.7703177200347919,0
0.025156812929004388,0.3002584302168267,0.8559274990535908,0
0.0,0.33251833727312774,0.761833579619363,0
0.03293468158094725,0.0876856393117248,0.8203618031858065,0
0.008146721354071485,0.4572059729624799,0.8378515386407217,0
0.0,0.20938526244603656,0.6613534586542629,0
0.03212096391031578,0.19156926412474873,0.657040061935313,0
0.0,0.25945885264141877,0.7643538860009167,0
0.0,0.023482983387527523,0.7105666583780036,0
0.0,0.0831416843780397,0.8259226904711477,0
0.0,0.3690168082131852,0.842106220194065,0
0.0,0.041399333962563234,0.6950703510324312,0
0.0,0.898779550318594,0.6637181803641357,0
0.0,0.12267455484066048,0.8099613636005988,0
0.0,0.19464780702098827,0.6739228235624486,0
0.0,0.14434686838534994,0.8212832516801795,0
0.0,0.17783635823247457,0.7139855902315172,0
0.0,0.35952295259212275,0.7795709229094056,0
0.0,0.1485608578115875,0.6256989994215257,0
0.0,0.2832023201484486,0.7678181583379982,0
0.003468065043758273,0.23802520109954983,0.7215255055803146,0
0.0,0.33183558268132407,0.7577976765942025,0
0.0,0.9300611985946023,0.6451958218833682,0
0.0,0.36628604860512515,0.798219037389985,0
0.0,0.10747018929537838,0.8320924138591285,0
0.0,0.015591567530642336,0.6583030062244186,0
0.0,0.5524650892090874,0.6257472154349235,0
0.0,0.2975389653501274,0.6063587796464645,0
0.0,0.025712906742125174,0.7726903336192386,0
0.0,0.5712477714507567,0.7633082957078821,0
0.0,0.749444076725678,0.7470616040200848,0
0.005908241381082813,0.8090778671590595,0.6623937688551974,0
0.0,0.38545610187291096,0.7051537128985834,0
0.0,0.0532991265668859,0.7599141341650806,0
0.0,0.03756889086790438,0.7336302850331166,0
0.0,0.6632306541219959,0.8657143049378047,0
0.0,0.24774565810309923,0.6367022934377612,0
0.0,0.344201198213868,0.7869938850388027,0
0.0,0.2174136693018731,0.7087617486200546,0
0.03753073758204292,0.1232010166195534,0.7151856964149903,0
0.0,0.40955115883709986,0.7930337989620494,0
0.0,0.3997079394844896,0.7862653247062554,0
0.0,0.3473482354272134,0.8666478623058886,0
0.0,0.13607256861498135,0.6345380638631597,0
0.0,0.29511533343454355,0.6280054956843407,0
0.0,0.1804869484700134,0.7948471418076314,0
0.0,0.045791036663317075,0.7555860806747241,0
0.0,0.4586567877311214,0.6737492193045878,0
0.0,0.0684093154594807,0.6213638102580373,0
0.0,0.4751186769104012,0.6230420691414398,0
0.0,0.22300288647897787,0.8405373452846479,0
0.0,0.09256646441930982,0.6516123103493419,0
0.0,0.27095047368917907,0.6869869502090751,0
0.0,0.43647291793820414,0.6609705721990597,0
0.0,0.3661124432047806,0.6954940062687911,0
0.01600248005153059,0.40328057393072486,0.6186750136986991,0
0.0,0.9354845618730427,0.7396270837543247,0
0.0,0.34613828225892623,0.6181877796063058,0
0.0,0.9008640415348959,0.8152959006042153,0
0.0,0.12483400442959297,0.6628685500339064,0
0.0,0.24471248182157024,0.7452632050286133,0
0.0,0.11060472090980111,0.8367412745540322,0
0.0,0.4938340039983235,0.7750860122736952,0
0.047530357346877807,0.47202966984330663,0.7433656445823091,0
0.0,0.01971340568425295,0.687245779588036,0
0.0,0.35278758625784423,0.6895775146126553,0
0.02242227609891599,0.8217888475982624,0.7800919909483132,0
0.0,0.7632013304680566,0.8674234881684941,0
0.0,0.8657947608776659,0.7780347420694829,0
0.033625922803851925,0.4577441487940209,0.7500437392725366,0
0.0,0.01697298929289942,0.7965449872543572,0
0.0,0.6235516170050732,0.7251403097043202,0
0.0394809071397277,0.14867450368627538,0.6161782901596112,0
0.0,0.4621980976882652,0.7512578434711578,0
0.0,0.4855291225826839,0.8576012015319472,0
0.0,0.47213324455671696,0.6471564914942104,0
0.0,0.6684478958855534,0.785611315630759,0
0.0,0.4310213254946567,0.6540511622492862,0
0.044385209137914994,0.4222746992675352,0.7441376471232588,0
0.0,0.15955023662162782,0.6260059649549675,0
0.0,0.4144577370753387,0.7211497818534518,0
0.0,0.01850381735774631,0.8034079354728212,0
0.0,0.859600889136132,0.6934967400202862,0
0.0,0.11500441864385152,0.7788612538870616,0
0.0,0.060283442888639405,0.8139760394524371,0
0.004205340305749872,0.03847660081460458,0.8494108334399728,0
0.0,0.8251628431734684,0.663118720019117,0
0.0,0.16993748188403307,0.7074159813527039,0
0.0,0.8401141212156457,0.6409999075858823,0
0.0,0.032678170399471185,0.8669780620806029,0
0.004067439032094988,0.15764516891530517,0.8493632603716355,0
0.004241885704259596,0.2697456461876686,0.7452484680454705,0
0.0,0.39536158241948177,0.8265069561872573,0
0.0,0.15937625146603496,0.7401376958861794,0
0.0,0.31294568821850455,0.7677445500727423,0
0.0,0.44298887411809357,0.6239744722392084,0
0.0,0.7127466672240377,0.8031677431136414,0
0.0,0.11647973737681688,0.6343549270978781,0
0.0,0.01220039077826901,0.8222121925379301,0
0.0,0.9938247818680289,0.8103655555833338,0
0.0,0.010634705425193569,0.7906523236928606,0
0.038857345796371845,0.4373508363420997,0.609727142361161,0
0.0,0.7893377042861967,0.6815415277492933,0
0.0,0.4695338492564481,0.6707772813060167,0
0.0,0.3993916178868327,0.6968766936098386,0
0.0055598741153075676,0.49896705526666874,0.6235758988794725,0
0.0,0.17535590772585508,0.852041654395356,0
0.0,0.38359414446556345,0.7489728027516291,0
0.0,0.20096545680462108,0.6821860395670083,0
0.0,0.6384138986175258,0.7067880280929822,0
0.0,0.31375273160918504,0.7202974833958008,0
0.0,0.4368385570931694,0.7615598756740061,0
0.0,0.49204173459964756,0.7387177660503579,0
0.0,0.3841367069322591,0.8473164407946783,0
0.0,0.20888339108366688,0.7336831769016683,0
0.0,0.2106785011385351,0.8668905059874711,0
0.0,0.36879115079444574,0.8290333136334307,0
0.0,0.11938857288415117,0.6560893283621233,0
0.0,0.9545162603328206,0.8503301127392134,0
0.0,0.17731107882038827,0.6313025610311931,0
0.0,0.6187716624619388,0.8198939715841305,0
0.0,0.14815406022799504,0.7023876659452,0
0.0,0.5904884763547449,0.8361750921997237,0
0.0,0.02104659481818094,0.8335072496389041,0
0.0,0.008936967366706905,0.81679393263164,0
0.0,0.4938611948680158,0.8125181873665995,0
0.0,0.21388656686793117,0.681958688417373,0
0.0,0.19216332357984084,0.6217672871407868,0
0.0,0.3398236413465349,0.7084016680878285,0
0.04846512678095495,0.10912694393253208,0.6466780945313708,0
0.0,0.47498059197511266,0.7869418429147622,0
0.0,0.393172507207776,0.6931008264386643,0
0.0,0.04470550115612976,0.862439144031317,0
0.022727053238388664,0.20879038789246418,0.7724214888058943,0
0.03137790400420317,0.43955915378108235,0.8212472716176431,0
0.0,0.47236601114570514,0.6356491369675572,0
0.0,0.6625950321123475,0.8318818957313354,0
0.0,0.30670569460535385,0.8482216842481031,0
0.0,0.08351697304603761,0.7310196561622937,0
0.0,0.49558431306848827,0.7630820402550129,0
0.0,0.7268947706918196,0.8057338364429057,0
0.0,0.4713658870675628,0.6470315907330509,0
0.03100662989007684,0.32482332449618423,0.735190274568666,0
0.013869059149056635,0.30386839743942956,0.7072403544707522,0
0.0,0.2563442555082543,0.639374603891645,0
0.0,0.11533490585887934,0.698866759596422,0
0.0,0.9144416829413047,0.6183383512246977,0
0.0,0.715443761830903,0.606943402969412,0
0.003886731848249242,0.09321913107212726,0.6363597317826473,0
0.04871974038330833,0.38979223678337666,0.8590779650174878,0
0.0,0.8533886084427229,0.7478234451557595,0
0.0,0.028921338281698183,0.8598061613502161,0
0.0,0.48455131507040566,0.7163419292708055,0
0.0,0.44189294248171285,0.6838785397999348,0
0.04068975098534744,0.4638761415976065,0.7361521611040256,0
0.0,0.49745391132321765,0.7182286442422529,0
0.0,0.08694762460974365,0.6284238000664091,0
0.0,0.9220852244845985,0.7723822786516654,0
0.0,0.9028350764750266,0.6581142710950822,0
0.0,0.3480103090268961,0.7666691598675162,0
0.0,0.07694795316992753,0.7749040938551033,0
0.0,0.6029206050183842,0.6408946854916063,0
0.0,0.5559598096988639,0.6165030496927697,0
0.0,0.11190880741131154,0.8100248666524104,0
0.0,0.5285434280446575,0.7236863139939471,0
0.0,0.765584764000516,0.615646060990973,0
0.0,0.2900431039189056,0.8676190393186674,0
0.0,0.045743418698877436,0.6155429709080226,0
0.0,0.4387304313151902,0.7869644765629508,0
0.0,0.13280002129435303,0.8646096308958582,0
0.0,0.06475746064140209,0.664339448034084,0
0.0,0.6580780524883753,0.6382650801768558,0
0.0,0.4778257491148767,0.6326525487046334,0
0.0,0.4310638086327253,0.6815810146956832,0
0.0,0.40475803736243904,0.6271813231618639,0
0.0,0.32762099031951086,0.7861914009157215,0
0.0,0.9825593482180228,0.6167564936969868,0
0.020740975116883262,0.04349337995570507,0.7370345524722934,0
0.0,0.20422660653534935,0.8681114536864507,0
0.002818774832546356,0.186344258506157,0.818958002497119,0
0.0,0.1298768918801631,0.7654940288841419,0
0.0,0.36171005684429247,0.6823822239915985,0
0.0,0.2479378675393854,0.7678279799624508,0
0.0,0.04052310795382397,0.7417741537922342,0
0.0,0.11009160097490567,0.7146164302665099,0
0.0,0.34162938182979796,0.6351610913431136,0
0.0,0.03806542974515009,0.8384965338996855,0
0.0,0.6539649707955955,0.7209920705329358,0
0.0,0.24757326350698716,0.6523534556797858,0
0.0,0.240293288663324,0.6989272653859909,0
0.0,0.2962038923297588,0.7114009034302814,0
0.04770255136293612,0.4123404829625746,0.8226076939074891,0
0.030308731722544002,0.17390460395109653,0.7973422683710172,0
0.011432140275173136,0.3390080762795318,0.8069430163895204,0
0.0,0.7218751096522855,0.6029674101313061,0
0.0,0.13351413508471066,0.7119454255103559,0
0.017908135901642027,0.439314993177579,0.7294815767899021,0
0.0,0.39871301080346405,0.6051627224654023,0
0.03357865977963998,0.919057644824055,0.6698897531524142,0
0.026015385045189666,0.42529086454712095,0.8045179624198543,0
0.03861591958678197,0.4336471004799012,0.6368825108411007,0
0.0,0.3541814883575174,0.7439984253607471,0
0.0,0.418506664181836,0.6578893035726369,0
0.027595341938724278,0.3487357308346418,0.6032604883792073,0
0.0,0.7853048733194148,0.6648831920942766,0
0.0,0.30930568910759215,0.8625100400708045,0
0.0,0.3763583197788206,0.8156134830965243,0
0.006700761422532037,0.07930255264653685,0.858126117322358,0
0.0,0.4404353795994642,0.7312327378161915,0
0.0,0.435921763872616,0.6295190374442484,0
0.0,0.014623641517279573,0.7474011025339233,0
0.0,0.41290837528238133,0.7222275029966294,0
0.010648208075445538,0.0644349337367226,0.8271320552569567,0
0.0,0.16755942712957095,0.6263842142309618,0
0.0,0.3717541281458039,0.7313368658588584,0
0.01752937794032985,0.0803799480241541,0.6403630908026817,0
0.0,0.4089835120595311,0.6873378243334262,0
0.0,0.41606708897887096,0.7983490538173181,0
0.0,0.2537338668804181,0.7280488768001981,0
0.0,0.9353767251686296,0.701113948704212,0
0.0,0.8911927420291368,0.7061141189353395,0
0.0,0.3084634591878711,0.7235911807012104,0
0.0,0.49059308901371174,0.8111694502921682,0
0.01982713911606351,0.3159067635083342,0.8399707813249231,0
0.031104335011393675,0.1299017905320799,0.8569850306695568,0
0.0,0.3170028515498057,0.8116770109026744,0
0.0,0.26999268985792774,0.6848444549562154,0
0.0,0.3899226975755718,0.7851082359372799,0
0.0,0.053490319413479204,0.7177152403709004,0
0.0,0.380513951251014,0.6685063973303877,0
0.0,0.27063328933805514,0.8261944548655732,0
0.022956787811913067,0.4814960019294973,0.6103366878708654,0
0.0,0.17093608301934304,0.842573975884429,0
0.0,0.31631094656697406,0.7241374379840535,0
0.0,0.46601405275500873,0.7714071972614274,0
0.0,0.05125486399533963,0.7773662050733555,0
0.0,0.46861424361822557,0.8407866722500583,0
0.0,0.3439428611504067,0.7712641445029788,0
0.0,0.03391852955258595,0.7651481343004566,0
0.0,0.15048178347340813,0.6179293989108255,0
0.0,0.3540860443226408,0.7394517579032599,0
0.0,0.03367530073438585,0.6403954612197842,0
0.0,0.68662589581467,0.7983696837860796,0
0.0,0.6136348136315757,0.7377876966986094,0
0.0,0.31045775888373855,0.7829812726070471,0
0.0,0.022871016906256425,0.6112100102620414,0
0.0,0.43576840307618814,0.622809052316321,0
0.0,0.48674448458869846,0.7926909913888616,0
0.0,0.7317470219002862,0.6193906863836431,0
0.0,0.37482591587146236,0.6191680597688546,0
0.0,0.06504312006531598,0.6032571798381847,0

